feature_1,feature_2,class
0.5562175679852521,0.6248006689619137,1.0
0.6424920149724878,0.3900986568569036,1.0
0.5899698309725796,0.025479937555844392,1.0
0.6923028842784122,0.8156053721848003,1.0
-0.004354211384227709,0.41155826947899443,0.0
0.9428378670640284,0.5864319470292634,1.0
0.7249680962419587,0.029342507016866297,1.0
-0.05366521327879792,0.4583455224332885,0.0
0.37845257621341366,1.0545137597175012,0.0
1.0137160839395718,-0.06186148512253803,1.0
0.170008904013665,0.7502901273343484,0.0
1.0574971199717422,0.0498452774572542,1.0
0.14256920872325957,0.07017491010557596,0.0
0.1513967866231446,0.5268432102758248,0.0
0.484137969954848,0.35408102243361,0.0
1.0829776510311302,0.3522002040133266,1.0
1.1089328936685543,0.8580566920930212,1.0
0.5928733130171374,0.5514574125835333,0.0
0.6434262243720124,0.3394395330725008,1.0
0.5782610249317591,0.6708353242850732,0.0
0.8985560408030423,0.1910590474143399,1.0
0.731113599039122,0.5906221158770807,1.0
0.7826612564297397,1.0270086485266516,1.0
0.9734347066346628,0.5564946761876368,1.0
0.3675109817619311,0.24385937803121277,0.0
0.4691300239875266,0.1348727039530473,0.0
0.7405871797245762,-0.03839553818944966,1.0
0.3723481352504948,0.3915498858705831,0.0
0.45733802241024213,0.16189470156000868,0.0
0.13903109686976808,0.008861428396127316,0.0
0.8053035350174822,0.7962938544778804,1.0
0.6876515666787218,0.8737827604417642,1.0
0.5006960159797955,0.4157885075614928,1.0
0.11906758489586249,0.2666747092870761,0.0
0.4004514389106092,0.21677865451777928,1.0
0.9525344110750481,0.8539056030441059,1.0
0.0837869553144036,0.05823800034241453,0.0
0.9970245204014422,0.5387344578454581,1.0
0.2570046041308224,0.7067482977244561,0.0
0.38955547423339776,-0.056880352619528396,1.0
0.2248466398056057,0.5480052790399932,0.0
0.05532332124348155,0.2776855916193665,0.0
0.35358431671072793,0.2709895823467385,0.0
0.65622730056403,0.5347555331692141,1.0
0.18689314720336037,0.5839659369699802,0.0
0.24146832645639088,0.5834163984178803,0.0
0.12445497866899623,0.8504370393445556,0.0
0.5925297479147895,0.3630987850069419,1.0
0.9696741787500546,1.0476821382584462,1.0
0.43745720571608804,0.4715476784333549,0.0
0.05735404054267697,0.8046966433022862,0.0
0.5426843137181947,1.0222736261690892,1.0
0.5309784480607443,0.42466345713128717,0.0
0.6334892074448447,0.42172381519585667,1.0
-0.0440288087762446,0.23432579707800968,0.0
0.7863037205717983,0.481971332652646,1.0
0.822242204010055,0.06322024992308274,1.0
0.6417919030957103,0.01047853718663802,1.0
0.9688895294236571,0.5701174587538996,1.0
0.21394494299662703,0.8816602329822874,0.0
0.06808836816969131,0.625844963412141,0.0
0.4511210241370241,0.3786185968230181,0.0
0.10348618605180515,0.5998146783759446,0.0
0.4566281339499817,0.3768186669944704,0.0
0.20356784974959533,0.013673561890373817,0.0
0.8379560263886718,0.4122686718454507,1.0
0.45394230097740107,0.2674571154630602,0.0
0.6549263916187561,0.589190321359429,1.0
0.6493187645213394,0.5617158711563908,0.0
0.5702284124450233,0.4162577477018286,1.0
-0.08151826314929801,-0.06366651993391975,0.0
1.0828569135424164,0.20646712364345518,1.0
0.7499968041614145,1.1347316398022862,1.0
0.8654818336652766,0.04348828211273087,1.0
0.41895533048137756,0.8395784050753325,0.0
0.1574419573674761,0.7811842854599247,0.0
0.1134293404148602,0.46864586750289083,0.0
0.4915641678200948,0.5774296085819963,1.0
0.8976875528756634,0.7362918231624601,1.0
0.3480015651010691,0.5201653981788675,0.0
0.20288287258101537,0.20788338986366536,0.0
0.27240259381155274,0.08294297717520834,0.0
0.7455435550875711,0.5821196219210947,1.0
0.03216969346638844,0.2504858648884496,0.0
0.38974308185689155,0.8130680828879143,0.0
0.734155324663976,0.7367313050240663,1.0
0.20903785644092518,0.5067824838770012,0.0
0.173086225871771,0.8520232462196065,0.0
0.7035850128950277,0.29827348679527554,1.0
0.6201164765298831,0.06950472049107617,1.0
0.7599361037947902,0.912587966052377,1.0
0.11319591829390017,0.7560817855839347,0.0
0.5699987036069807,-0.04204751796067541,1.0
0.5984645491943419,0.41720069236902946,1.0
0.05938686058866141,0.37322185047555384,0.0
0.6701640912669888,0.3416529271898948,1.0
0.8321958121075428,0.05677440584780777,1.0
0.9412059154255771,0.36907300917943586,1.0
0.8355889295376749,0.16270967876070758,1.0
0.08188929681821609,0.05482265317189979,0.0
1.0157607174273184,0.1788125500953013,1.0
0.8678073273291281,0.6773772626022199,1.0
0.24498227737255981,0.513736281358862,0.0
0.13411181096483799,0.33071307533920624,0.0
0.11318415993201134,0.5519639642532894,0.0
0.6275940595977124,0.15262232202673262,1.0
0.23724615983561118,0.7239295954656761,0.0
0.711305381433046,0.5298440648373999,1.0
0.6937332862495611,0.48928375260357226,1.0
0.9662134752047278,0.44342393586555484,1.0
0.3009992740021613,0.9281620316541138,0.0
0.5527084226855776,0.704003318339956,1.0
0.9084989321608989,0.6686256340569361,1.0
0.9664974110885586,0.3778541249937983,1.0
0.5517570128902904,0.072667913688641,1.0
-0.08549015268499402,0.49498212696858945,0.0
0.5993413117930987,0.2950060270539697,0.0
0.3933077035489097,0.24179529697751334,0.0
0.7746266362657175,0.472141447008698,1.0
0.7013263009909434,0.8985475665908008,1.0
0.6745036687902966,0.11912478519616854,1.0
0.3984795827953864,0.02660109061431029,0.0
0.6118234622256098,0.6089332272336404,1.0
0.1943614628922508,0.11396048676281617,0.0
-0.06717916440149299,0.37170326179429236,0.0
0.45083413153732516,0.9567887872993477,1.0
0.7577479435222652,0.6671575800890966,1.0
0.11216834370325215,0.7639242174960997,0.0
0.5848118368951537,0.7092291772531722,1.0
0.3146399892353162,0.24109225469073317,0.0
0.17642902269012145,0.40444299889609103,0.0
0.7913481611552687,0.5258981490192025,1.0
0.7961310433663966,0.7368161445952094,1.0
0.9457533154726426,0.3032513625751815,1.0
0.7791629516434346,0.1728168268736095,1.0
0.745089103763384,0.5900622150669957,1.0
0.2334859512220612,0.3327251925599942,0.0
0.4373435968692859,0.4356548992242301,0.0
0.18545515600798068,1.050194345412724,0.0
1.0096174541384013,0.3829926224771699,1.0
0.769710401902584,0.31517637243694197,1.0
0.600825856225292,0.05926828137938103,1.0
0.8067437747654796,0.41304010703970506,1.0
0.39263985173550214,0.058760207004320296,0.0
0.09928634470334759,0.9887021640068611,0.0
0.039401354557194776,0.5687740141128764,0.0
0.8465800679644659,0.9962934848918532,1.0
0.07312079697944263,0.9680476448844971,0.0
0.45908294073798694,0.5230437790042224,1.0
0.6270901142028028,0.7722415814949509,0.0
0.34392975716516316,0.17839398048773497,0.0
0.20464093305712666,0.8703359214285482,0.0
0.1207504531220551,0.5752147480656437,0.0
-0.16173693102883063,0.09157053496421491,0.0
0.8592989675373279,0.42964135491397737,1.0
-0.034039967812302896,1.0826543496035228,0.0
0.20552956680495654,0.35742679823793555,0.0
0.5932491733414877,0.35942682607860715,1.0
0.1595616695472955,0.5803198909455466,0.0
0.7532576450860873,0.16485994517868124,1.0
0.5744242937104287,0.2078765695968672,1.0
0.6078097459308682,0.5628158922353632,1.0
0.6300778472801184,0.7259720217996088,1.0
0.6654937015582775,0.6511640794824638,1.0
0.5644299839619606,0.34990832796819593,1.0
0.43999483143240775,0.7560134000394194,0.0
0.10937835822461807,0.17932617915024307,0.0
0.2274290077550311,0.6232937489458505,0.0
0.9586587351752343,0.5778721438150585,1.0
0.3187905053086235,0.12605371589850567,0.0
0.7481029201824649,0.61546649096672,1.0
0.8298494774506887,0.7911973076253171,1.0
0.9616872663822728,0.41488108998715856,1.0
0.8269213678457951,0.1783028032972139,1.0
0.5590553634324729,0.7700687293512367,0.0
0.4172353978386335,-0.02985896163185786,0.0
0.8110138187251994,0.5086392720748754,1.0
-0.011574601033996795,0.24765087620699083,0.0
0.6331335448361739,0.36905340814467497,1.0
0.6441130735312326,0.3683354503755394,1.0
-0.09058348133624125,0.5748314911048666,0.0
0.20334508839243326,0.09305505122203284,0.0
0.6244908469314095,0.7711259491238123,1.0
0.23607533827144903,0.3237956376650225,0.0
0.9330686818249179,0.15302717620732875,1.0
0.6098235962790338,0.249420921476912,1.0
0.8510923291304591,0.1968453218896793,1.0
0.315091904984113,0.0355644720152795,0.0
-0.010277285603438241,0.46688415614435075,0.0
0.055873927804885815,0.5534777464533286,0.0
0.8502654671632695,0.4757314391799158,1.0
0.3485226848210038,0.1930823904849968,0.0
0.7602857508228071,-0.13510561720111655,1.0
0.24571971355848998,1.0768975242218009,0.0
0.37943705242182346,0.757473916726963,0.0
0.7701573165798674,0.7976436912744763,1.0
0.16816163398695735,0.31302551936821443,0.0
0.20436162361367927,0.6131810012481599,0.0
0.8328323398256696,0.7845313226148997,1.0
0.7205634876943682,0.8526552801563998,1.0
0.8504705805038668,0.2789183688629902,1.0
0.9542613784233909,0.7083969202334531,1.0
0.8262577674903501,0.6356702244379049,1.0
0.5614940756836176,0.311100594859701,1.0
0.058369467580492405,-0.08151054441767855,0.0
0.3168769883190775,0.2119486078310083,0.0
0.8598684548653348,0.18348340095200386,1.0
0.11444071716441795,0.4197488279694328,0.0
0.9725694922307258,0.6678128521565144,1.0
0.8271427100140778,0.7275415712870614,1.0
0.8440148349220135,-0.06477550257501491,1.0
0.7957568789848445,0.7192212435061967,1.0
0.7386017535442758,0.7192937685201332,1.0
0.2897618029926704,0.13527735266472513,0.0
0.8039874646794494,0.23750934086562697,1.0
0.6157804544971515,0.9015185573541219,1.0
0.0722609698829787,-0.030359331258213648,0.0
1.0016785774802373,0.40284632154042066,1.0
0.37831462273588845,0.6436164465150026,0.0
0.1695347279828653,0.32794565246277696,0.0
0.9442398947042919,0.8938915256716512,1.0
0.44919368774266644,0.03230964863392444,0.0
0.564461405068266,0.5192291682171523,1.0
0.7451910596241704,0.4333925571268541,1.0
0.6020013239058102,0.03421661267459894,1.0
0.7584016172327828,1.1091104533558855,1.0
0.12995249275579301,0.22765981964614262,0.0
0.30196934997644614,0.9827901883371024,0.0
0.5584951619499796,0.5750536824198926,1.0
0.9315895467275693,1.0686422710551222,1.0
0.2381602322335667,0.9937199653488145,0.0
0.3964632031478287,0.30582960014276184,0.0
0.5569848065702108,1.0271753989964085,1.0
0.7489770533833193,0.8383585098537454,1.0
0.6647740092368282,0.5886130523053132,1.0
0.6116635801936571,0.8030610736408537,1.0
0.8023718210248798,0.3851136638336327,1.0
0.7751544199291394,0.6823224709081994,1.0
0.23264621560744816,0.2911121656053268,0.0
0.7266338739881043,0.5203573637603194,1.0
0.5111147269791454,0.832811910465715,1.0
0.4550617670728967,0.6489490266143481,0.0
0.9567892801672544,0.9947160655321691,1.0
1.083751702671442,0.9469909418742201,1.0
0.6262651078629624,0.842300240480247,1.0
0.8199866041629742,-0.0893303704384299,1.0
0.5562208359153523,0.9814041673862599,1.0
0.4044705947894851,0.2169022212377338,1.0
0.6624652070884204,0.8483349757460579,1.0
0.9335991410802263,0.7925111717823857,1.0
1.0291722372163943,0.6206619405488447,1.0
0.725681483837299,0.7451929370490282,1.0
0.6595916743249164,-0.1821534737622951,1.0
0.2351528927818055,0.7881515502540414,0.0
0.6535188560431336,0.13688403065827998,1.0
0.5212104505200151,0.10875784023156772,1.0
0.3338602783631464,0.3506863399561294,0.0
-0.011023951660344936,0.007860262946709468,0.0
0.11554373681734512,1.0578657127917699,0.0
0.7586784462630055,1.1161091489131518,1.0
0.3236757278950536,0.6608884755217845,0.0
0.7322173133035905,0.4353500518427913,1.0
0.2810936007090681,0.19480690695227926,0.0
0.7252806415515467,0.49580779103655215,1.0
0.7734854813635356,0.5219498850288249,1.0
0.7106652489429774,0.409928607219126,1.0
0.579155131861634,0.6170863908175882,0.0
0.19169425906912302,1.0363247015261265,0.0
0.08474213021238833,0.5523919279114953,0.0
0.814228820406572,-0.0605008959277363,1.0
0.9735833600083916,0.8435729508175168,1.0
0.16044954594815447,0.4493163168485063,0.0
0.2533746304253364,0.6407025695756615,0.0
0.8591254530520632,0.3798197342125982,1.0
0.07161515956092962,0.4391372392136069,0.0
1.0569333775938965,0.6155955894172997,1.0
0.9690390963783431,0.4696330921644231,1.0
0.10868147085846327,0.629556706269784,0.0
0.45196328170334926,0.681564104946051,0.0
0.3783965246600501,0.09528143197128039,0.0
0.6469062079929051,0.3882551778318004,1.0
1.0009207599416368,0.7088700589243568,1.0
0.9494133210016032,0.18888805729891034,1.0
0.5416788801752305,0.8484099375693841,0.0
0.3262278512551363,0.7119765918992339,0.0
0.45452939966105205,0.15949775330133698,1.0
0.3803029238169709,0.6497431441898773,0.0
0.8738809664359821,0.14969803548647845,1.0
0.8724689197372939,0.6148331307937552,1.0
0.7522379896697652,0.7377903063644597,1.0
0.19530338079020718,0.8700976671268278,0.0
0.04632147046383471,-0.049215136422973565,0.0
0.13971244716635373,0.7716136085271594,0.0
0.6852172289667232,0.6899258977755962,1.0
0.2286734560895699,0.9604964635243266,0.0
0.29003773911374947,0.6794591142797646,0.0
0.43309925824734635,0.9328557675648526,1.0
0.3085953474054422,0.936613253075381,0.0
0.3518347237736565,0.04381254228685649,0.0
0.32340424012960356,0.4804995482920934,0.0
0.32535915433307333,0.9987856760455703,0.0
0.497315912066844,0.2150541028772176,1.0
0.02285931097299668,0.7696690186371133,0.0
1.0646262606047843,1.1864314417855237,1.0
0.9246841734739781,0.529815096701341,1.0
0.6418434696475042,0.7439318111662094,1.0
0.10707252826131376,0.46945617537536855,0.0
0.13331354736420936,0.8077597912068514,0.0
0.4582588829288413,0.4232062145117258,0.0
-0.07052948497916055,0.24329740569713534,0.0
0.05082948017761099,0.8063224248069664,0.0
0.7382827038613062,0.8996080073537717,1.0
0.1287063162388201,0.31558936991994424,0.0
0.8329424787256648,0.9031506952564075,1.0
0.14546144668644548,0.20793705079205188,0.0
0.10092175554107977,0.0057584804609293674,0.0
0.3429515122431581,0.5716422372002571,0.0
1.0299714122108623,0.14551781049885623,1.0
0.3012035557604002,0.44745027496661866,0.0
0.11225027546652111,0.842168683769011,0.0
0.7077241591142335,0.486039912776264,1.0
0.8639576914639017,0.2717265712623766,1.0
0.3810681900260152,0.8355370044123976,0.0
0.5574736333554857,0.9942247738778904,1.0
0.7333547559404737,0.3201518195248519,1.0
0.020258169929608633,0.7684183689448039,0.0
0.15857910383821258,0.2661309078627169,0.0
0.315762262421322,0.1691044999689478,0.0
0.7574183404757787,0.38225584461992845,1.0
0.6799958154027343,0.8046434980255028,1.0
0.686106250566024,0.5301026074673636,1.0
-0.00912544655460193,0.5203885982782169,0.0
-0.06377449332379337,0.8917212387593834,0.0
0.828242825327832,0.6437786531732592,1.0
0.6425481652172118,0.5015234752725402,1.0
0.8522916672628358,0.2054469804067638,1.0
0.5428921276221177,0.48460441718871505,0.0
0.2280597829817742,0.452769623088876,0.0
0.3228462248771892,0.589095718880461,0.0
0.8376443305378598,0.4148644663031594,1.0
0.2534502917590112,0.38676902088692583,0.0
0.48350684972288244,0.09393048716377234,0.0
0.5043545490427352,0.2471981006600864,1.0
0.5624293278240595,1.0132586863608002,1.0
0.96419106358511,0.5282860385045607,1.0
0.5062366460969697,0.34270109093427287,0.0
0.14373538514616405,0.1431253976529539,0.0
0.32363097758157383,0.1504572021415109,0.0
0.7316823142976966,0.8073828495421129,1.0
0.33869837829738136,1.0288482322685424,0.0
0.9368839858573165,0.8782604906507234,1.0
0.20390309745940385,0.29762328546762046,0.0
0.12360637518052549,0.9725881468690356,0.0
0.8486511488508578,0.035900312380366006,1.0
0.49110122726429345,0.4053656027195829,1.0
0.5165962972680773,0.6328059407265941,0.0
0.1581461517433857,1.1188988027741944,0.0
0.7463423673218049,1.0545074510348702,1.0
0.3936180305878589,0.2094583094521912,0.0
0.5318232248685939,0.39967537930425795,0.0
0.16247500028620507,0.23760676246284354,0.0
0.140688294342266,0.5184084167281774,0.0
-0.014472879685428514,0.25013078374759234,0.0
0.1784767949422408,0.5294784406294493,0.0
0.6204258020600276,0.753665216551434,1.0
0.7979779003098345,0.09278986906059429,1.0
0.34038783729895566,0.5076762315595423,0.0
0.3818936506651713,0.5147630591093134,0.0
0.4559368967535791,0.21892270871471392,0.0
0.693101522067331,0.29053508509969056,1.0
0.8411102005585884,0.21405671279028013,1.0
0.40910016476609995,0.3286261701864811,0.0
0.31214618052232057,0.4963176653370919,0.0
0.08241226978847721,0.20456855873926022,0.0
0.7320106824780621,0.8446088270221332,1.0
0.48595981763495444,0.9841937308303552,1.0
0.5199493690414629,1.017119306216221,1.0
0.7379266174661366,0.37517342405489695,1.0
0.817716881918617,1.0770925752239033,1.0
0.1581992576405412,0.6851385662481466,0.0
0.35456607362649584,0.6414130722222136,0.0
0.6729354752594972,0.2915017977887896,1.0
0.830321909912761,0.9619218332052607,1.0
0.44782796287970944,0.1366259256628792,0.0
1.0386064153411476,0.06269331416535182,1.0
0.4040978123313626,0.2610224329305416,0.0
0.9420283466020616,0.848200766334946,1.0
0.36302724398533354,0.6600718241129392,0.0
0.2831582942690552,-0.005803689661675861,0.0
0.6539013076762117,0.8517333718859332,1.0
0.9474472645366125,0.41466291848870834,1.0
0.8361678559531953,0.5841895535581052,1.0
0.7784717185354606,0.5949441372273487,1.0
0.5226706536728751,0.7470801530750469,1.0
-0.05243865656550992,0.6308999429381696,0.0
-0.055971263673884344,0.2280947457883491,0.0
0.8333813162021301,0.2685324187664998,1.0
0.6236652615019289,0.9056757257461272,1.0
0.9828185313402975,0.17484964610029646,1.0
0.6284591196744783,0.5613438215498118,1.0
0.06376298403231759,0.8135429201117951,0.0
0.6850421697273997,1.1026899536415475,1.0
0.07465650521672618,0.36179782103073943,0.0
0.2558085399070239,0.05144978406241743,0.0
0.3606526519655151,0.09032281330041307,0.0
0.7337083295538427,0.09331148613680929,1.0
0.7908924590427777,0.5934834882792306,1.0
0.8459758264360461,0.2804708018557502,1.0
0.12481209561732604,0.15461567475277643,0.0
0.3279301319120045,0.28634060330586575,0.0
0.36974883688280935,0.5497964532418463,0.0
0.2803291967814723,0.3410474604846306,0.0
0.6174322962504074,0.45665107380094616,1.0
0.8192922563740691,0.13432901218501472,1.0
0.547163195740734,0.49337246306752497,0.0
0.9322226274863377,0.22060666934637846,1.0
0.7756333400140674,0.5754874280897424,1.0
0.7166671231097155,0.6809523365933193,1.0
0.7260550175520845,-0.12871074625140316,1.0
0.3426352366441448,0.8417338075763036,0.0
0.071537098208736,0.3049825324461268,0.0
0.6034811056965337,1.0166003776604544,1.0
0.8754369748094004,0.16007097642377432,1.0
-0.0898851811427887,1.0001064229866932,0.0
0.7529515552272724,0.20403950332030024,1.0
0.4516474646056633,0.5671361098342033,0.0
0.14714941874492304,0.6945057640307053,0.0
0.15092234544617433,0.4286993866265249,0.0
0.9004345330549017,0.7648677651997922,1.0
0.4522265555767928,0.22536586100358005,0.0
0.8757342577639499,0.769356754667828,1.0
0.44015719363796385,0.7675937377823441,0.0
0.09294303924629828,0.6744748041108922,0.0
1.0010671992431655,0.674375367629107,1.0
0.08280443135837964,0.826868169728926,0.0
0.13585531857830632,0.06837660502465287,0.0
-0.08614445643996607,0.0506167138431943,0.0
0.28786812320357447,0.6682660984736614,0.0
0.39142138920109193,1.0362755045541003,0.0
0.6565957648454194,0.0068404427659325695,1.0
0.7866478949932519,0.9226959415211584,1.0
0.4853753958324309,-0.19620509001170594,0.0
0.08254953447073399,0.7502867827480706,0.0
0.4727751175912024,0.5348919769328789,1.0
0.7247563225459384,0.10540365760781939,1.0
0.9229954220878672,0.22102727092605085,1.0
0.7296229983013767,0.7187300006545909,1.0
0.7069345065073707,-0.06424409431770783,1.0
0.5884348159763606,0.28514708391513865,0.0
0.21999985066661998,0.5288222716024674,0.0
0.435624170834419,0.4147705484701495,0.0
0.2951185229726803,0.599796483453684,0.0
0.4545196411567905,0.3078873409279025,0.0
0.7763416538596681,0.3887105467011694,1.0
0.2775054967215355,0.09636004238666611,0.0
0.6122236870906866,0.10439407879317945,1.0
0.6978886433636545,0.7766288427779934,1.0
0.29286748381432093,0.05821827761363217,0.0
0.4832608225191264,0.029718173866098985,0.0
0.8297304888676353,0.13961248109451913,1.0
0.6150121737752218,0.7195449346530729,1.0
0.21654566756693672,1.1533027581165054,0.0
0.9326806443001796,0.7221340678285353,1.0
0.5208195204769577,0.24427693553950927,1.0
0.48250592135388004,0.30996677597484035,0.0
0.8587250809897571,0.20578878620416535,1.0
0.4234263590620152,0.807663049356552,1.0
0.3592089533535983,0.9851232252656212,0.0
0.3409158952376598,0.172086087455186,0.0
0.2447111620142716,0.3399808271054855,0.0
0.20666142856870848,0.5694587187198185,0.0
0.46184757937294674,0.4909029527304851,0.0
0.745899421482174,0.7500669864468833,1.0
0.7893603786904584,0.3618874018330951,1.0
0.1311120721518578,0.9957699951287032,0.0
0.42614802143045344,-0.12274304448816939,0.0
0.03375458464303565,0.6663128628887046,0.0
0.355739230881543,-0.060697041604118984,0.0
0.26549281577597666,0.8191367743923713,0.0
0.5939267661932167,0.1267896685294484,1.0
0.6926838423325975,0.47169192158540707,1.0
0.08647778963708205,0.5174578150416275,0.0
0.27848338390527183,0.879452039881333,0.0
0.9407528758622983,0.37572867813438504,1.0
0.8212823382989838,0.5964349067959301,1.0
0.3257888473807429,0.463466843786957,0.0
0.14657506181159177,0.36250303982750365,0.0
0.07540813084197552,0.9546530987207147,0.0
0.7137148994071242,0.6663295529472791,1.0
0.7558454176547026,0.8638749033025614,1.0
0.7722159801627322,0.28246839828111403,1.0
0.1721565267702958,0.4711989931920173,0.0
0.6172600826037897,0.23797596460171017,1.0
0.5325292327168869,0.4593181274240135,1.0
0.2539484726560337,0.44650114480960945,0.0
0.08806233894688267,-0.007909696213353013,0.0
0.34859695860618056,-0.03227361040865406,0.0
0.05314997241057434,0.26448060855749933,0.0
0.9211457496513467,0.08534715749694635,1.0
0.11669541721224976,0.3889196615563368,0.0
1.1294196145126876,0.5180625589131584,1.0
0.8655831294569597,0.4437758489000474,1.0
0.7313451747072964,0.5654649220088518,1.0
0.13528857870674815,0.16502834042801037,0.0
0.8819136326354473,0.9873036430273012,1.0
0.87562406575979,0.04582246726046995,1.0
-0.05641242562745517,0.9647809519096093,0.0
0.6853616235655188,0.22256488781038308,1.0
0.807611527452669,1.0884367707551506,1.0
0.4961276507330556,0.5767091653058158,0.0
1.1527731993697152,0.9135982603003944,1.0
0.04708159692262697,0.028771801191536717,0.0
1.0445657748625519,0.21862697330750902,1.0
0.6280082228865904,0.6598985155859123,1.0
0.0837152719258008,0.0027203729564836826,0.0
0.6205085513671865,0.30388497573277906,1.0
0.7555116479531601,0.09818809704634157,1.0
0.8246539130009632,0.5847229518816769,1.0
0.3225097840964491,0.7958763139436542,0.0
0.10294567817681313,0.44866914870322405,0.0
0.06507409016559917,0.4081515598741666,0.0
0.39132339798339977,0.4155772783804971,0.0
0.5904734863755681,0.7425270700526562,1.0
0.8530940962228285,0.1234568767146276,1.0
0.10972586140747159,0.19651702243359492,0.0
0.9572818878390543,0.4792379329036634,1.0
-0.08047034990110291,0.8968263587512024,0.0
0.27755945987422814,0.3521878595970852,0.0
0.8426094941993401,0.10970137791272543,1.0
0.5954253106841619,0.6590182521108556,1.0
0.9385201046948464,0.3096578988358254,1.0
0.15279237795628492,0.43272848528479724,0.0
0.6175840297704195,0.48833481438322623,1.0
0.480201025585582,0.9829383390991145,1.0
1.0082681493283476,0.2797502413920091,1.0
0.3335833525188669,0.34767538930537967,0.0
0.0027911947140990823,0.6480467468113337,0.0
0.5612267702258912,0.31648928952419214,0.0
0.0032646941084106622,0.04842503839349615,0.0
0.3332925019841104,0.2761595042499245,0.0
-0.08065110669193104,0.9024662578354213,0.0
0.7535938406373726,0.7763554076731298,1.0
0.4310732353845967,0.3714421593656062,1.0
0.7808058878555999,0.4494764594955131,1.0
0.6374864592890356,0.552328561750059,0.0
0.33177554853064917,0.270016551000675,0.0
0.9696167660849373,0.814248765829047,1.0
0.9064958793714495,0.49537177699355617,1.0
0.3155552658467369,0.6270409196940083,0.0
0.8490831419359877,0.3346101420530675,1.0
0.7206960271882803,0.17671378223964762,1.0
0.34070930181213416,0.18983911373515017,0.0
0.1512276101111456,0.07121230580586484,0.0
0.7131581813820032,0.1695007116694902,1.0
0.8636235325333421,0.7416394835904366,1.0
0.3965881957235236,0.42332670972898834,0.0
0.08925079028547342,0.03858881981930762,0.0
0.4409729487832378,0.5938616905558519,0.0
0.5455338756286928,0.5368969002461652,1.0
0.010745550876014004,0.07015272999438335,0.0
0.8406303162834343,0.4099902577822745,1.0
0.48394899975517447,0.9301372900529468,0.0
0.5197256628376807,0.47401639451721084,0.0
0.37440304517691647,1.0093896941945297,0.0
0.6854480685526554,0.21221847678564765,1.0
0.037207883045144496,0.840480913987009,0.0
0.6558686188250604,0.8272048390907835,1.0
1.012721724254974,0.48685664970150777,1.0
0.46655114334381287,0.9675808497810306,1.0
1.0435312617821348,0.4813027930047459,1.0
0.20810525866140306,-0.0255618938114643,0.0
0.12091376385962066,0.06347546814420241,0.0
0.9245574809403428,0.7482333777148757,1.0
0.20445282821832006,0.8943413891342107,0.0
0.7660208673748363,1.0351384627110365,1.0
0.4963984979120678,0.13861071305492143,1.0
0.7094498575890308,0.46327750897196374,1.0
0.047211356414998004,0.5987463797925187,0.0
0.7436956966723571,0.7636591989762698,1.0
0.2016577854431429,1.012665396965589,0.0
0.3249095598061804,0.27616196065782134,0.0
0.8651594127386455,0.6832450532797645,1.0
0.6670362818147404,1.0778980754340017,1.0
0.4261770410839073,0.1359266282435176,0.0
0.8284378493567095,0.12508379079858928,1.0
0.2625550312357692,0.8979035663393994,0.0
0.7068803426182455,0.24489496651250983,0.0
0.6739395609831925,0.4316227851468073,1.0
0.8324804379582422,0.32113169751096915,1.0
0.2829091684826881,0.6688899056114253,0.0
0.27222197087887695,0.044636540789872,0.0
0.6527550147985443,0.12870735144980006,1.0
0.6867616064945434,0.4974775388711613,1.0
0.3068394693664904,0.22208137819017898,0.0
0.3722080624361034,0.9282705981654612,0.0
0.42711037480136316,0.6667946840267959,0.0
0.6393813589779563,1.0595553199420502,1.0
0.24285126257323172,0.6470937775161144,0.0
0.10386282313658605,0.2760181182360294,0.0
0.35817118143361404,0.6167142012731809,0.0
0.11269722191844408,0.6316084258024787,0.0
0.8229166258800633,0.718224750038762,1.0
0.2110882166095665,0.20914030834594666,0.0
0.6284110190211036,0.3857416900129109,1.0
1.0250881257594362,0.3252134948723296,1.0
0.5986130861133357,0.4368937825032568,1.0
0.05575727846937608,0.3039798712757984,0.0
0.2197959791318515,0.9072987669782346,0.0
0.3644712173015546,0.7887964616208294,0.0
0.38666634961022234,0.8205928790918678,0.0
0.2419320942468704,0.3376882548910055,0.0
0.40227860336638716,0.5457300996966273,1.0
0.6538400006725394,0.32934126430263294,1.0
0.03263918199155949,0.6374270450694575,0.0
0.7514396000713606,0.7679934182681025,1.0
0.43313729184659133,0.06949751569100222,0.0
1.1909264644378914,0.8506920126890664,1.0
0.6442298154733246,0.292736723009937,1.0
0.07656273881410511,0.5290113316447422,0.0
0.1926160711472396,0.8252075692755189,0.0
0.564437921313551,0.4197143480794173,1.0
0.5533942791224359,0.8077764968516525,0.0
0.2824555645547493,0.4444980693043856,0.0
-0.05190878532516709,0.8418943261974696,0.0
0.08797715119738424,0.8293703160601971,0.0
0.3820657956692399,0.623748552057465,0.0
0.3131060198582201,0.08270706045744393,0.0
0.8787216970243189,0.9134743417003316,1.0
0.9582266563520871,1.078239520638778,1.0
0.8732426844196938,0.3928767566373292,1.0
0.817315859592685,0.9600843231528321,1.0
0.9847905282238315,0.9324315987326111,1.0
0.4509470533990326,0.20308498439587902,0.0
0.3254697247339836,0.8650690762898969,0.0
0.8738578002462253,0.8147879384043879,1.0
0.3074133520256278,0.7195009889954849,0.0
0.6254924512901625,-0.16491441460628303,1.0
0.6512330314952843,0.21084492461008478,1.0
0.7667549936172798,0.8912337338913544,1.0
0.5614896185936669,0.7158842953724156,1.0
0.18944226905088313,0.8980366202762228,0.0
0.9879577689385594,0.8082004798528627,1.0
0.3598074373397745,0.9534618932495738,0.0
0.3440229377467456,0.5457826659933527,0.0
0.3628686484383327,0.2593101518656227,0.0
0.6989810610282409,0.5461731986250583,1.0
0.31475912586769955,0.6387531719404208,0.0
0.7901163935156943,0.9005924081830541,1.0
0.68722016544858,0.9219490910663375,1.0
0.7034171687739305,0.2122727281434735,1.0
0.5217168354333702,0.8594867154734658,1.0
0.8236483401533858,0.8092144249474219,1.0
0.6911629736350909,0.3083036544094616,1.0
0.4594634339515641,0.2158616022684868,0.0
0.3060654562438495,0.7285321931219896,0.0
1.1440103103906734,0.2520723965980333,1.0
0.4807701398025298,0.4904689158527291,1.0
0.5805738470451368,0.4449258175146501,1.0
-0.05128408311996699,0.3182619066150272,0.0
0.12292498403607731,0.8102670165798367,0.0
0.6560402591603934,0.8060223714801457,1.0
0.04374620236554115,0.8132166249953459,0.0
0.7511314218377687,0.061469268966436244,1.0
0.6111159271277774,0.31821602535642246,1.0
0.9733984655292122,0.8513828221894567,1.0
0.4530460428657661,0.22286940815979323,1.0
0.6211754319460538,0.8729349172172777,1.0
0.45915329544983646,0.8805291959482708,0.0
0.11187918602836078,0.9047896000057531,0.0
0.8432254458277415,1.0654725377264103,1.0
0.29498206648833947,1.0967674018733709,0.0
0.34171114380616835,0.41480125063859885,0.0
0.8601861808087646,0.21459545830363547,1.0
0.08076366163096012,0.8124967236426744,0.0
0.14506124879827276,0.3561275418500025,0.0
0.7754885221735759,0.19639885462777582,1.0
0.15423535107449687,0.8055125343608783,0.0
0.22195393929042095,0.7338123092481588,0.0
1.0415159150925533,0.36523998408772124,1.0
0.37102916462368135,0.23399885572841325,0.0
0.748764867243858,0.8378159241071824,0.0
0.700879165302725,0.022388820053739267,1.0
0.18606390831816738,0.8898584558570628,0.0
0.3556744427948001,0.6991905283561775,0.0
0.8526620775694753,0.6129248539106471,1.0
0.7887015420964032,0.7443253321715617,1.0
0.737715289148948,0.823190502835458,1.0
0.7850250730487939,0.23501433847278383,1.0
0.30274078639802976,0.6581672853250466,0.0
-0.08809566825851001,0.9692562333896859,0.0
0.6388456579526945,0.29640663520647165,0.0
0.2621926752500433,0.988097679697785,0.0
0.8186704064931243,0.45433938611396574,1.0
0.7108584132115445,0.8992944825617584,1.0
0.6266855985510449,0.9304805681556881,1.0
0.7558125587902764,0.014460913182190012,1.0
1.0035856126455092,0.16496376969293186,1.0
0.03588305741590198,0.9589666634766817,0.0
0.7237889622099344,0.8657998922977926,1.0
0.9894295721826027,0.12859493410884343,1.0
0.40677433071841307,0.8678574693980673,0.0
0.800023586554327,0.047576779101592206,1.0
0.07654052013037146,0.6477436615134612,0.0
0.3840026757011983,0.3121361457710561,1.0
0.5248598883132779,0.5848431039227162,1.0
-0.022469476744304794,0.5504181944310339,0.0
0.029771883491927387,0.5434991900318743,0.0
0.7955258388928511,0.7492247364469021,1.0
0.9366930014883293,0.7060872439972372,1.0
0.2571431183529202,0.3865882754011679,0.0
0.5048638401020432,0.16320315085432474,0.0
0.33220683282531166,0.5829604075758879,0.0
1.2352681248688473,0.15409920192303106,1.0
0.25483781872848954,0.7955433155888484,0.0
0.29808848215079997,0.6006847284028237,0.0
1.0574180163151683,0.49596493661611785,1.0
0.2009899825227307,0.8743179094181891,0.0
0.8423077707244274,0.19170538964801964,1.0
0.8924994764926045,0.5204111384085014,1.0
0.7645054095317351,0.2529299326787509,1.0
0.44367931210669614,0.4775028365338148,1.0
0.036218352288587934,-0.041816260999303564,0.0
0.1360524187389689,0.01465599299988412,0.0
0.5227866715194391,0.12892292254029739,1.0
0.90842899360982,0.6767506108375145,1.0
-0.009137972278495776,0.20140023564015547,0.0
-0.025510377173330785,0.32745717286458303,0.0
-0.08575792156955822,0.23573413395002846,0.0
0.8581724393682814,0.5925148493467727,1.0
0.9681994504352059,0.09359084776824828,1.0
0.4073080260895726,0.4146144014233263,0.0
0.1482817808125551,0.5700046813606695,0.0
0.10588083701570224,0.31758606632739406,0.0
0.6821276361124792,0.822787450861914,1.0
1.1890863669222966,0.12841262020908106,1.0
0.15945690686417763,0.6107012797491064,0.0
0.8763557183868841,0.5470689816459545,1.0
0.29902195581679636,0.5778811010710656,0.0
-0.06760640267280249,0.1691444776771533,0.0
-0.05486387510178811,0.029570837613694764,0.0
0.5378933895198733,0.8738870150732393,0.0
0.44904299811595166,0.6966591769527322,1.0
0.177488050318946,0.36841924237838797,0.0
0.37953437769426435,0.8994855639443997,0.0
0.27348804974063534,0.19028810490565312,0.0
0.4304083190856852,0.1586343673702339,0.0
0.9841050769679891,0.6990533380838715,1.0
0.11119222770541853,0.7306388410964249,0.0
0.03238965074958873,0.9228366073806173,0.0
0.5457612979035554,0.3519792674342158,0.0
0.1871538617095338,0.2058145653118437,0.0
0.6835776820826177,0.07976148737862739,1.0
0.5715415491229842,0.15628321546379326,1.0
0.029800930970939984,0.19995304462044802,0.0
0.4786175156937149,-0.029353123697671096,0.0
0.4962784740311159,0.7278366256732043,1.0
0.4856043059635844,0.4931044056293335,0.0
0.29190367535831524,-0.03289886137004272,0.0
0.5464001034410919,0.442126844378546,1.0
0.8024625288557923,0.15857282773528605,1.0
0.7593441586726057,0.6383806132272665,1.0
0.7856358637999743,0.6933740197427056,1.0
0.8830537022855359,1.0976729653516761,1.0
0.1460059555544056,0.5730268722825274,0.0
0.11941827537884583,0.7761053878371176,0.0
0.23238892339135456,0.665980969054927,0.0
0.3009978922215383,0.20078649574266744,0.0
0.23724523975371123,0.5764909739732382,0.0
0.40322058257240867,0.6615237413694263,0.0
0.5050217189569997,0.5705953513014502,0.0
0.5282801193969724,0.35231591009668123,1.0
0.167291514045098,0.8044900024341208,0.0
0.056948886340948635,0.7654959680023808,0.0
0.4493862868711834,0.7521448137747757,1.0
0.6742776630922404,0.45532843972627207,0.0
0.8810793959459388,0.32941193349010406,1.0
1.0154973863359142,0.18295144860130574,1.0
0.05066303449355183,0.19941042402066897,0.0
0.4069181632383404,0.2995247892567534,0.0
0.1408522360195289,0.7393509125767196,0.0
0.3510711240595632,0.2870653264489476,0.0
0.38139445119015036,0.735206900866553,1.0
0.4214827511744406,0.34786808432380867,0.0
0.7785496394668732,0.8303398428968466,1.0
0.7053355625976048,0.15017969803639986,1.0
0.7420206231969689,0.3682742434957668,0.0
0.2713317719897286,0.24070226079206533,0.0
-0.1196245547197832,0.5469829738450384,0.0
0.2059884554293378,0.3894662540940441,0.0
1.0677090728849707,0.7139235601691993,1.0
1.1889917750620438,0.6538676405249901,1.0
0.40443539958383407,0.9661271899041263,1.0
0.3804167709606907,0.3917435524594713,0.0
0.2428389377608194,0.2825090677271136,0.0
0.06554729894892557,0.7171779830913976,0.0
0.21527092096715217,0.5654749593350075,0.0
0.6976444553123983,0.588572423695924,1.0
0.8987290749201722,1.0268948684481185,1.0
0.9156019920848198,0.8025410232840712,1.0
0.38203181273324266,0.8587111537457354,0.0
0.07383747583984684,0.726217557338147,0.0
0.7916125382811834,0.34278306049993124,1.0
0.6324820772713791,0.9326579122712754,1.0
0.766475496810571,0.855370340886091,1.0
0.2778166384471349,0.3250827018001946,0.0
0.7781178026274624,0.3502321843548191,1.0
0.10815733509626158,0.33168914721642734,0.0
0.8148519130494363,0.5471844589136811,1.0
0.4438043737079132,0.41195589970747143,1.0
0.23952601370049287,0.4259260914937941,0.0
0.8097066312841682,0.6695833241692242,1.0
0.07899072444401081,0.7898249374698866,0.0
1.1081172357367537,-0.17970661535714147,1.0
0.11563552163375981,0.8844496651840806,0.0
0.547401672577989,0.23726672642860086,0.0
0.08544404225150828,0.8300045658620111,0.0
0.7727329659146128,0.2637893632023064,1.0
0.5211250954370619,0.7632185605000826,1.0
0.5587421787330675,0.36868676733907385,1.0
0.7432704177720106,0.06909192265154501,1.0
0.344604240001556,0.5041746059823621,0.0
0.9509975669996644,0.5700184240198183,1.0
0.23119639482678989,0.8664913598137476,0.0
0.07430501128959245,0.7635690684659726,0.0
0.3278824725920887,0.7109442249897643,0.0
0.4536630837727502,0.048770348824083855,1.0
0.676578658868689,0.1454358690416292,1.0
0.23194675551452112,1.0928215632026552,0.0
0.4730647435080475,1.1318819030672953,1.0
0.39282451014969283,-0.07456028709534568,0.0
0.19904451338300558,0.4028259901272197,0.0
0.6857573145261955,0.1129604623580396,1.0
0.1783063087601599,0.9580605712994174,0.0
0.5790337103746476,1.1585117417841433,1.0
0.721321532177402,0.8753512268789636,1.0
0.4923115493639053,0.6487527366121159,1.0
0.1814011351826686,0.8060299824219148,0.0
0.9909227768854678,0.5681052409337066,1.0
0.5539179326856142,0.6821711036695924,1.0
0.6716971084399515,0.4263542601521141,1.0
0.6140195294135208,0.8294502404118183,1.0
0.863909673325944,0.7662638261340914,1.0
0.21238799568624406,0.7988628710071772,0.0
0.20224025581758176,0.8746432959844316,0.0
0.2556198083408884,0.43620856987186885,0.0
0.04585505079006766,0.6978525966313424,0.0
0.23026151388914748,0.45252918001592773,0.0
0.8676135236986292,0.7613707214072136,1.0
0.2753104722728216,0.623378756306441,0.0
-0.14418216396398637,0.5509344902902041,0.0
0.6918090760335556,1.241079729701043,1.0
0.5824462809353893,0.28868237337371283,1.0
0.6776590020683296,0.8329802795127408,1.0
0.467973298794942,0.6789689751488294,1.0
0.7911707924668396,0.19038141271823183,1.0
0.14307688263918258,1.0091340854001682,0.0
0.3639332832509988,0.6504583641653147,0.0
0.2595019867951849,0.7816667300319722,0.0
0.727621335114051,0.9246758913370194,1.0
0.4646420899089056,0.273047825112195,0.0
0.9784476727786684,0.30385986729862946,1.0
0.268435855029785,0.6630148512760292,0.0
0.405290837514948,0.7193555271292316,0.0
0.519019243280064,0.4511186599118067,1.0
0.49012788527336526,0.9755300920314334,0.0
0.24879492403359854,1.0025799306867706,0.0
0.8725100973180038,0.6427010369141177,1.0
0.45330616824769737,-0.03247914197459992,0.0
0.16694726301112464,0.285093432195618,0.0
0.15381785570726697,0.90506303124173,0.0
0.5536238457021182,0.31215518170689643,1.0
0.0942064383701563,0.47782424282957325,0.0
0.35797347841982197,-0.22449581704793983,0.0
0.08998707924622468,0.15825766180364106,0.0
0.5290150314595476,0.35440145365400677,0.0
0.14810982328846728,0.46387415786428543,0.0
0.8147809551467905,-0.09937087695762595,1.0
0.833288087484132,0.49279374911779944,1.0
0.8155209437084204,1.2820671400548864,1.0
0.05486388573555938,0.7390932483662201,0.0
0.3501072730645167,0.45164475618016287,0.0
0.18889707985785317,0.7781618496685849,0.0
0.2408380401666866,0.5302123608879923,0.0
0.28715504773895495,0.12242556063302457,0.0
0.7360602969563659,0.3148810302593729,1.0
0.018155932172304108,0.6066356909704569,0.0
0.7408576793176664,0.6676542596706381,1.0
0.6994082533031843,0.6422670697029464,1.0
0.6018281780325532,0.4693818897384212,1.0
0.5449202170086752,0.637566218224316,0.0
0.8649018538997634,0.657272264684988,1.0
0.46347438982266076,0.09812311474704574,0.0
0.3569286667651552,0.5612047622823804,0.0
0.107191528116479,0.5122101098595432,0.0
0.5447350804392891,0.7781798277352994,1.0
0.3545185152869035,0.43261759679309886,1.0
0.17078209413822193,0.06292489097238663,0.0
0.4119715811087529,0.8445800643722006,0.0
0.9656692403525724,0.4167678990017142,1.0
0.38419955975652686,0.36487715642916274,0.0
0.9560155073507607,0.6749666207671989,1.0
0.1794795068160705,0.3668186013301052,0.0
0.4215140686248463,0.8866366562897083,0.0
-0.03195061844396098,0.5236030032416812,0.0
0.5776169031343785,0.39669986304308574,0.0
0.48855314331963506,0.6699658250101506,0.0
0.1348854305968949,0.407405120119282,0.0
0.9777859505063767,0.8197964402278808,1.0
0.9008929700131473,0.9064571442119811,1.0
0.41830910007630007,0.4328394356144108,1.0
0.26853278780041134,0.2931722361508332,0.0
0.03213318759488418,0.9648436883801045,0.0
0.8304623915900109,0.7293250796189524,1.0
0.3927586524639862,0.9324838104582424,0.0
0.33225761656179525,0.8173600865593265,0.0
0.8161064083802831,0.868638518544258,1.0
0.7532822431849936,1.034959471226595,1.0
0.9642911146428084,0.40919786735695374,1.0
0.547985293180344,0.22544126910293408,1.0
0.45145342595619287,0.3285125572917656,0.0
0.8809432278122106,0.824546113535526,1.0
0.9962602407426888,0.8769188646433664,1.0
-0.0027447232840213803,0.07662566698881287,0.0
0.21989468906490361,0.08620256146686177,0.0
0.7161510213118879,0.17340588105911137,1.0
0.49575479397437283,0.5343013079564859,0.0
0.30059755563062246,0.15730979496722552,0.0
0.8235735995381639,0.6738552162011637,1.0
-0.04156756004534454,0.7459852191462782,0.0
0.7047623531548003,0.06952922220739,1.0
0.893367352484812,-0.07824904991020767,1.0
0.6086297447683832,0.5076151410124372,1.0
0.47756823937842796,0.5607129193222448,1.0
1.0246174030819772,0.953584759348383,1.0
0.2776926128059906,0.71385771802935,1.0
0.8318436737167657,0.09478190612400092,1.0
0.6487272975969056,0.5284072282147607,1.0
0.8206815349792289,0.24639675879098807,1.0
0.5593053737781941,0.4987248135477468,0.0
0.03160942044512402,0.4206276186414043,0.0
0.10234375278382613,0.7404822467755828,0.0
0.8146125057349325,0.3076086907784976,1.0
0.7178661900045463,0.8330810876619958,1.0
0.3184867601103619,0.4021605184977639,0.0
0.5610228981776733,0.7463669307661283,1.0
0.3225331168284516,0.14215145964185227,0.0
0.28892026342111987,0.8580565319058149,0.0
-0.09153574469824735,0.6422815794962972,0.0
0.8409667041523985,0.36170911957098045,1.0
0.13942585417181197,0.4555783764130631,0.0
0.5570463306365043,0.21916407378649738,1.0
0.6250104371422349,0.8404892112381799,1.0
0.47987908753331204,0.31767348056158584,0.0
0.5803034575221215,1.017972822788092,1.0
0.5879365332501194,0.04499032708169658,0.0
0.8924117982644867,0.9982918412251733,1.0
0.444411819276823,0.3340987481080002,0.0
0.5669568704342295,0.7158816470314594,1.0
0.6336126821049222,0.8388299156649847,1.0
0.5644185020716406,0.22571653074377054,1.0
0.14546795481267438,0.4273702587186303,0.0
0.7242709546451594,0.2850301996989979,1.0
0.8712711026564081,0.012601446791813575,1.0
0.013494998128067117,0.10253420949326676,0.0
-0.020686895083406986,0.78361066608611,0.0
0.36233305180965597,0.12540918151809496,0.0
0.7826292015384491,0.8790109585779606,1.0
-0.057945172258422384,0.33035539489264454,0.0
0.5096076941024494,0.3916544819566873,1.0
0.3396125040123098,0.8882097169832492,0.0
0.7959704028310408,0.16684366408599294,1.0
0.7025826285039423,-0.0365885662290407,1.0
0.31251025823867606,0.3938802556321893,0.0
0.7518306678629606,0.3212536560471329,1.0
0.7975002563376893,0.4471161335295417,1.0
-0.1422229685289726,0.7359224736168679,0.0
0.34930484550343116,0.1223090690621529,0.0
0.3416647410968684,0.22000684233809553,0.0
0.3933471503560974,0.4239341486643162,0.0
0.9483812214159346,0.331266360814922,1.0
0.7888397958169259,0.2729119572949368,1.0
0.20787552094733958,0.6079344414228718,0.0
0.7619434765496262,0.22934244705924434,1.0
0.7688667055398717,0.5050872620164162,1.0
0.6910749078933555,0.19716614028072957,1.0
0.2720545866817878,0.2898046867073779,0.0
0.913050470613207,0.7312931756029186,1.0
0.5929705034999113,0.7135054513573796,1.0
0.6983119967521036,0.4142877233512952,1.0
0.6843457257428431,0.07238387855666534,1.0
0.8098080872089939,0.6653361187549975,1.0
0.848204495588229,0.1242501062062522,1.0
0.7956813071806073,0.564483712662771,1.0
0.9845131738571293,0.6915808718529437,1.0
-0.05425143953436007,0.12449443673165701,0.0
0.4112272104273854,0.8083664783766017,0.0
-0.13587032916197134,0.5509296788084594,0.0
-0.11446848408647786,1.015931419114829,0.0
0.565741453904375,0.08061075382081198,0.0
0.8288202313845774,0.5917899981934863,1.0
